product_id,product_name,percentage,material,carbon,eco_score
291046896,JEANS Z1975 O PROSTYM KROJU Z WYSOKIM STANEM I METALIZOWANYM WYKOŃCZENIEM,100.0,cotton,5.9,65
300924650,ZW COLLECTION MØNSTRET KJOLE,100.0,polyester,9.5,45
311306394,KUMISAAPPAAT,13.0,polyester,9.5,45
311306394,KUMISAAPPAAT,9.0,elastane,15.0,35
311306394,KUMISAAPPAAT,100.0,cotton,5.9,65
311306394,KUMISAAPPAAT,100.0,cotton,5.9,65
277255022,REGULAR INDIGO DENIM BERMUDA SHORTS,20.0,recycled_cotton,2.1,85
267201912,TOP OD BIKINI Z BIŻUTERYJNYM ZDOBIENIEM,85.0,nylon,10.5,40
267201912,TOP OD BIKINI Z BIŻUTERYJNYM ZDOBIENIEM,15.0,elastane,15.0,35
267201912,TOP OD BIKINI Z BIŻUTERYJNYM ZDOBIENIEM,91.0,nylon,10.5,40
267201912,TOP OD BIKINI Z BIŻUTERYJNYM ZDOBIENIEM,9.0,elastane,15.0,35
311280365,BALLERINA MED STOR SLØYFE,100.0,polyester,9.5,45
311280365,BALLERINA MED STOR SLØYFE,100.0,polyester,9.5,45
311280365,BALLERINA MED STOR SLØYFE,100.0,polyester,9.5,45
298507902,SHAPING-KORSET,43.0,elastane,15.0,35
203013646,CHINO TROUSERS,64.0,polyester,9.5,45
203013646,CHINO TROUSERS,32.0,viscose,8.0,60
203013646,CHINO TROUSERS,4.0,elastane,15.0,35
267205896,BLOUSE AVEC NŒUD CONTENANT DU LIN,55.0,viscose,8.0,60
321343674,MIDIKLÄNNING I CRÊPE MED KNUT,100.0,polyester,9.5,45
329693176,KNIT SWEATER WITH CONTRAST TOPSTITCHING,50.0,cotton,5.9,65
329693176,KNIT SWEATER WITH CONTRAST TOPSTITCHING,50.0,polyester,9.5,45
206761257,PLL-P DYD PNT 09,98.0,cotton,5.9,65
206761257,PLL-P DYD PNT 09,2.0,elastane,15.0,35
276175548,HEMD AUS JACQUARD MIT STRUKTURMUSTER,12.0,polyester,9.5,45
276175548,HEMD AUS JACQUARD MIT STRUKTURMUSTER,5.0,elastane,15.0,35
240781848,STRIPED LIGHTWEIGHT SWEATSHIRT,100.0,cotton,5.9,65
284181472,SWEATSHIRT MIT SCHRIFTZUG,17.0,polyester,9.5,45
284181472,SWEATSHIRT MIT SCHRIFTZUG,2.0,elastane,15.0,35
223540580,POPLIN BODYSUIT WITH PETER PAN COLLAR,100.0,cotton,5.9,65
223540580,POPLIN BODYSUIT WITH PETER PAN COLLAR,95.0,cotton,5.9,65
223540580,POPLIN BODYSUIT WITH PETER PAN COLLAR,5.0,elastane,15.0,35
177652758,CONTRAST SEMI-SHEER JACQUARD TROUSERS,100.0,polyester,9.5,45
177652758,CONTRAST SEMI-SHEER JACQUARD TROUSERS,100.0,polyester,9.5,45
178710621,SILK AND LACE BUSTIER,6.0,elastane,15.0,35
291000231,SWEATSHIRT MIT SKATE-MOTIV,18.0,polyester,9.5,45
291000231,SWEATSHIRT MIT SKATE-MOTIV,2.0,elastane,15.0,35
321302220,SHIRT DRESS WITH BELT,100.0,polyester,9.5,45
317822807,LEREN VETERSCHOENEN,36.0,polyester,9.5,45
319148989,CZAPKA Z NASZYWKĄ I ZDOBIENIEM W KSZTAŁCIE GWIAZDY,100.0,cotton,5.9,65
319148989,CZAPKA Z NASZYWKĄ I ZDOBIENIEM W KSZTAŁCIE GWIAZDY,100.0,cotton,5.9,65
272467086,BLOUSON DOUBLE FACE,100.0,polyester,9.5,45
323624196,"KOMBINERET, HALVGENNEMSIGTIG KJOLE",97.0,polyester,9.5,45
323624196,"KOMBINERET, HALVGENNEMSIGTIG KJOLE",3.0,elastane,15.0,35
315527799,BUTTONED STRAIGHT LEG PANTS,73.0,polyester,9.5,45
315527799,BUTTONED STRAIGHT LEG PANTS,20.0,viscose,8.0,60
315527799,BUTTONED STRAIGHT LEG PANTS,7.0,elastane,15.0,35
222757367,SWEATSHIRT WITH CONTRAST SEAM DETAIL,86.0,cotton,5.9,65
222757367,SWEATSHIRT WITH CONTRAST SEAM DETAIL,14.0,polyester,9.5,45
222757367,SWEATSHIRT WITH CONTRAST SEAM DETAIL,98.0,cotton,5.9,65
222757367,SWEATSHIRT WITH CONTRAST SEAM DETAIL,2.0,elastane,15.0,35
268025349,PLISSERAD KJOL NAVY,26.0,polyester,9.5,45
268025349,PLISSERAD KJOL NAVY,4.0,elastane,15.0,35
319510634,TEXT PRINT SWEATSHIRT,83.0,cotton,5.9,65
319510634,TEXT PRINT SWEATSHIRT,17.0,polyester,9.5,45
319510634,TEXT PRINT SWEATSHIRT,98.0,cotton,5.9,65
319510634,TEXT PRINT SWEATSHIRT,2.0,elastane,15.0,35
319510634,TEXT PRINT SWEATSHIRT,83.0,cotton,5.9,65
319510634,TEXT PRINT SWEATSHIRT,17.0,polyester,9.5,45
310734234,KOBEREC S BLOKOVÝM TISKEM,0.0,polyester,9.5,45
198708328,BABY/ LEATHER SNEAKERS,100.0,cotton,5.9,65
329756560,BLAZER EN MAILLE À BOUTONS DORÉS,78.0,viscose,8.0,60
317004238,BOUCLÉ CROPPED JACKET,100.0,polyester,9.5,45
317004238,BOUCLÉ CROPPED JACKET,100.0,polyester,9.5,45
297044415,MANTEAU EN LAINE MANTECO À FENTES COLLECTION ZW,100.0,viscose,8.0,60
319191106,STRAIGHT-FIT-JEANS IM CROPPED-SCHNITT MIT MITTELHOHEM BUND – ZW COLLECTION,40.0,polyester,9.5,45
312527147,T-PAITA COLD CODE -PAINATUKSELLA,100.0,cotton,5.9,65
315527854,BUCKLED BLOCK HEEL SHOES,100.0,polyurethane,12.5,35
315527854,BUCKLED BLOCK HEEL SHOES,100.0,polyurethane,12.5,35
315527854,BUCKLED BLOCK HEEL SHOES,100.0,polyurethane,12.5,35
207310712,PRINTED DRESS,95.0,polyester,9.5,45
207310712,PRINTED DRESS,5.0,elastane,15.0,35
274906708,CONTRAST KNIT SWEATER,55.0,acrylic,38.0,30
274906708,CONTRAST KNIT SWEATER,43.0,polyester,9.5,45
274906708,CONTRAST KNIT SWEATER,2.0,elastane,15.0,35
274906708,CONTRAST KNIT SWEATER,100.0,cotton,5.9,65
212955890,CHECK OVERSHIRT,34.0,acrylic,38.0,30
212955890,CHECK OVERSHIRT,32.0,polyester,9.5,45
212955890,CHECK OVERSHIRT,21.0,wool,46.0,40
212955890,CHECK OVERSHIRT,65.0,polyester,9.5,45
212955890,CHECK OVERSHIRT,35.0,cotton,5.9,65
212955890,CHECK OVERSHIRT,100.0,polyester,9.5,45
202478188,FLORAL PRINT SHIRT WITH BOW,100.0,polyester,9.5,45
320663861,JEANS RELAXED FIT,100.0,cotton,5.9,65
278828369,LIMITED EDITION STRIPED KNIT SWEATER,34.0,wool,46.0,40
267197708,KRÓTKI TOP Z HAFTEM,100.0,cotton,5.9,65
267197708,KRÓTKI TOP Z HAFTEM,100.0,cotton,5.9,65
342915706,KORT SKJORTE MED BLONDER,34.0,cotton,5.9,65
342915706,KORT SKJORTE MED BLONDER,2.0,lyocell,5.0,85
267196288,BROEKROK MET LINNEN,50.0,viscose,8.0,60
277277761,SWEATSHIRT MIT FLOCK-DINOSAURIERN,17.0,polyester,9.5,45
277277761,SWEATSHIRT MIT FLOCK-DINOSAURIERN,2.0,elastane,15.0,35
311288484,VADDERADE SNEAKERS,85.0,polyester,9.5,45
311288484,VADDERADE SNEAKERS,100.0,polyester,9.5,45
311288484,VADDERADE SNEAKERS,100.0,polyester,9.5,45
312361889,KOŽENÉ BOTY CHELSEA,13.0,polyester,9.5,45
312361889,KOŽENÉ BOTY CHELSEA,85.0,polyester,9.5,45
311279263,CUISSARDES À TALONS ÉLASTIQUES,100.0,polyester,9.5,45
311279263,CUISSARDES À TALONS ÉLASTIQUES,80.0,polyester,9.5,45
311279263,CUISSARDES À TALONS ÉLASTIQUES,100.0,polyurethane,12.5,35
324864274,JEANS SLIM FIT,1.0,elastane,15.0,35
314060072,FARKKUKANKAASTA TEHDYT MATALAN MALLISET HOUSUT,100.0,cotton,5.9,65
206084433,ASYMMETRIC SATIN-FINISH DRESS,98.0,polyester,9.5,45
206084433,ASYMMETRIC SATIN-FINISH DRESS,2.0,elastane,15.0,35
267186818,SOUPRAVA TRIČKA A LEGÍN,68.0,polyester,9.5,45
267186818,SOUPRAVA TRIČKA A LEGÍN,2.0,elastane,15.0,35
317827416,LIGHT RIB TOP,93.0,cotton,5.9,65
317827416,LIGHT RIB TOP,4.0,viscose,8.0,60
317827416,LIGHT RIB TOP,3.0,elastane,15.0,35
278842011,LILO & STITCH © DISNEY HOUSE SLIPPERS,100.0,polyester,9.5,45
278842011,LILO & STITCH © DISNEY HOUSE SLIPPERS,100.0,polyester,9.5,45
278842011,LILO & STITCH © DISNEY HOUSE SLIPPERS,60.0,polyester,9.5,45
278842011,LILO & STITCH © DISNEY HOUSE SLIPPERS,100.0,polyester,9.5,45
193529230,PRINTED PALAZZO TROUSERS,100.0,polyester,9.5,45
330281409,BEDRUKTE JURK VAN METAALGAREN,99.0,polyester,9.5,45
330281409,BEDRUKTE JURK VAN METAALGAREN,1.0,polyester,9.5,45
330281409,BEDRUKTE JURK VAN METAALGAREN,100.0,polyester,9.5,45
267158174,BLUZA „BIG OLITA”,100.0,cotton,5.9,65
267158174,BLUZA „BIG OLITA”,98.0,cotton,5.9,65
267158174,BLUZA „BIG OLITA”,2.0,elastane,15.0,35
191534108,SILK BRALETTE WITH LACE TRIM,10.0,elastane,15.0,35
191534108,SILK BRALETTE WITH LACE TRIM,12.0,elastane,15.0,35
323213194,SWEAT DÉLAVÉ EFFET TREMPÉ,20.0,polyester,9.5,45
211243332,PLEATED FAUX LEATHER SKIRT,100.0,polyester,9.5,45
211243332,PLEATED FAUX LEATHER SKIRT,100.0,polyurethane,12.5,35
327873030,SWEATSHIRT „CALM MEMORIES“,2.0,elastane,15.0,35
329333032,PELLAVASTA JA VISKOOSISTA TEHDYT PUVUNHOUSUT,72.0,viscose,8.0,60
340766015,KNÖCHELHOSE MIT HOHEM BUND,74.0,polyester,9.5,45
340766015,KNÖCHELHOSE MIT HOHEM BUND,7.0,elastane,15.0,35
311277336,TRACK MARY JANES,100.0,polyurethane,12.5,35
311277336,TRACK MARY JANES,100.0,cotton,5.9,65
311277336,TRACK MARY JANES,100.0,polyurethane,12.5,35
177673417,CONTRAST SNEAKERS,100.0,polyurethane,12.5,35
177673417,CONTRAST SNEAKERS,70.0,cotton,5.9,65
177673417,CONTRAST SNEAKERS,20.0,polyurethane,12.5,35
177673417,CONTRAST SNEAKERS,10.0,polyester,9.5,45
177673417,CONTRAST SNEAKERS,100.0,polyurethane,12.5,35
177673417,CONTRAST SNEAKERS,100.0,polyurethane,12.5,35
202324975,DENIM TRF SHIRT,100.0,cotton,5.9,65
284099642,GIUBBOTTO IMBOTTITO,2.0,elastane,15.0,35
322412567,LANGE JAS MET CEINTUUR EN WOL,37.0,polyester,9.5,45
310737592,FAUX SHEARLING HOT WATER BOTTLE,100.0,polyester,9.5,45
310737592,FAUX SHEARLING HOT WATER BOTTLE,100.0,rubber,10.0,40
312455355,PATENT-FINISH HEELED SLINGBACK SHOES,100.0,polyurethane,12.5,35
312455355,PATENT-FINISH HEELED SLINGBACK SHOES,100.0,polyurethane,12.5,35
312455355,PATENT-FINISH HEELED SLINGBACK SHOES,100.0,polyurethane,12.5,35
312455355,PATENT-FINISH HEELED SLINGBACK SHOES,100.0,polyurethane,12.5,35
237746284,COTTON PREMIUM T-SHIRT,100.0,cotton,5.9,65
237746284,COTTON PREMIUM T-SHIRT,95.0,cotton,5.9,65
237746284,COTTON PREMIUM T-SHIRT,5.0,elastane,15.0,35
216632057,STRAIGHT-FIT CARGO TROUSERS,93.0,polyester,9.5,45
216632057,STRAIGHT-FIT CARGO TROUSERS,7.0,elastane,15.0,35
178085281,KNIT SWEATER WITH ZIP,100.0,cotton,5.9,65
332778384,KURZES KLEID – ZW COLLECTION,76.0,polyester,9.5,45
332778384,KURZES KLEID – ZW COLLECTION,6.0,elastane,15.0,35
332778384,KURZES KLEID – ZW COLLECTION,100.0,polyester,9.5,45
316210106,BUNDFALTEN-SHORTS – ZW COLLECTION,68.0,polyester,9.5,45
316210106,BUNDFALTEN-SHORTS – ZW COLLECTION,3.0,elastane,15.0,35
316210106,BUNDFALTEN-SHORTS – ZW COLLECTION,100.0,polyester,9.5,45
177652895,DENIM CROP TOP,50.0,cotton,5.9,65
177652895,DENIM CROP TOP,31.0,modal,6.5,70
177652895,DENIM CROP TOP,14.0,polyester,9.5,45
177652895,DENIM CROP TOP,5.0,elastane,15.0,35
232598095,BASIC OXFORD SHIRT,100.0,cotton,5.9,65
296662998,TRICOT SPENCER VAN METAALGAREN,1.0,polyester,9.5,45
322447552,VESTITO MINI DRAPPEGGIATO,4.0,elastane,15.0,35
195542530,TEXTURED COAT WITH GOLDEN BUTTONS,65.0,cotton,5.9,65
195542530,TEXTURED COAT WITH GOLDEN BUTTONS,26.0,polyester,9.5,45
195542530,TEXTURED COAT WITH GOLDEN BUTTONS,7.0,viscose,8.0,60
332518088,BLURRED PRINT T-SHIRT,100.0,cotton,5.9,65
306621795,RIB-SWEATSHIRT AUS JERSEY IN VERWASCHENER OPTIK MIT PRINT,5.0,elastane,15.0,35
306621795,RIB-SWEATSHIRT AUS JERSEY IN VERWASCHENER OPTIK MIT PRINT,20.0,polyester,9.5,45
321341601,SATIN EFFECT SLIP DRESS WITH BACK STRAPS,100.0,polyester,9.5,45
321341601,SATIN EFFECT SLIP DRESS WITH BACK STRAPS,100.0,polyester,9.5,45
300507292,CORDUROY JUMPSUIT WITH RUFFLES,72.0,cotton,5.9,65
300507292,CORDUROY JUMPSUIT WITH RUFFLES,3.0,elastane,15.0,35
300507292,CORDUROY JUMPSUIT WITH RUFFLES,25.0,polyester,9.5,45
300507292,CORDUROY JUMPSUIT WITH RUFFLES,100.0,cotton,5.9,65
292475706,CHECK BERMUDA SKORT,52.0,cotton,5.9,65
292475706,CHECK BERMUDA SKORT,46.0,polyester,9.5,45
292475706,CHECK BERMUDA SKORT,2.0,elastane,15.0,35
311308734,MULTICOLOURED STRAP SANDALS,86.0,polyester,9.5,45
311308734,MULTICOLOURED STRAP SANDALS,14.0,elastane,15.0,35
311308734,MULTICOLOURED STRAP SANDALS,100.0,polyester,9.5,45
311308734,MULTICOLOURED STRAP SANDALS,100.0,polyurethane,12.5,35
290195988,ASYMMETRISCHES KLEID AUS TÜLL,94.0,polyester,9.5,45
290195988,ASYMMETRISCHES KLEID AUS TÜLL,6.0,elastane,15.0,35
290195988,ASYMMETRISCHES KLEID AUS TÜLL,100.0,polyester,9.5,45
225610391,FABRIC PLATFORM RUNNING TRAINERS,30.0,polyester,9.5,45
225610391,FABRIC PLATFORM RUNNING TRAINERS,20.0,polyurethane,12.5,35
225610391,FABRIC PLATFORM RUNNING TRAINERS,43.0,polyester,9.5,45
225610391,FABRIC PLATFORM RUNNING TRAINERS,37.0,polyurethane,12.5,35
225610391,FABRIC PLATFORM RUNNING TRAINERS,5.0,elastane,15.0,35
225610391,FABRIC PLATFORM RUNNING TRAINERS,17.0,elastane,15.0,35
225610391,FABRIC PLATFORM RUNNING TRAINERS,100.0,polyester,9.5,45
311021731,STRAIGHT-LEG TROUSERS WITH TURN-UP HEMS,74.0,polyester,9.5,45
311021731,STRAIGHT-LEG TROUSERS WITH TURN-UP HEMS,19.0,viscose,8.0,60
311021731,STRAIGHT-LEG TROUSERS WITH TURN-UP HEMS,7.0,elastane,15.0,35
280237891,TROUSERS WITH CONTRAST TOPSTITCHING,100.0,cotton,5.9,65
298848607,LEATHER TOILETRY BAG,100.0,polyester,9.5,45
336478448,JEANS ORIGINAL FIT,100.0,cotton,5.9,65
320712443,FUR (FAUX) THROW PILLOW COVER,27.0,polyester,9.5,45
320712443,FUR (FAUX) THROW PILLOW COVER,22.0,acrylic,38.0,30
320712443,FUR (FAUX) THROW PILLOW COVER,100.0,polyester,9.5,45
330066016,RETT BUKSE MED HØYT LIV,76.0,polyester,9.5,45
330066016,RETT BUKSE MED HØYT LIV,7.0,elastane,15.0,35
267198198,TOP Z TKANINY STRUKTURALNEJ,100.0,cotton,5.9,65
267198198,TOP Z TKANINY STRUKTURALNEJ,100.0,cotton,5.9,65
335607759,OVERSIZED INTERLOCK T-SHIRT,85.0,cotton,5.9,65
335607759,OVERSIZED INTERLOCK T-SHIRT,5.0,elastane,15.0,35
335607759,OVERSIZED INTERLOCK T-SHIRT,10.0,polyester,9.5,45
335607759,OVERSIZED INTERLOCK T-SHIRT,97.0,cotton,5.9,65
335607759,OVERSIZED INTERLOCK T-SHIRT,3.0,elastane,15.0,35
300165147,KOSZULOWA SUKIENKA Z ŁĄCZONYCH TKANIN,100.0,cotton,5.9,65
300165147,KOSZULOWA SUKIENKA Z ŁĄCZONYCH TKANIN,3.0,elastane,15.0,35
300165147,KOSZULOWA SUKIENKA Z ŁĄCZONYCH TKANIN,100.0,cotton,5.9,65
267194827,BALLERINASKOR I SATIN,100.0,polyester,9.5,45
267194827,BALLERINASKOR I SATIN,100.0,polyester,9.5,45
267194827,BALLERINASKOR I SATIN,100.0,polyester,9.5,45
274912079,PATCHWORK BELT BAG WITH POCKETS,70.0,cotton,5.9,65
274912079,PATCHWORK BELT BAG WITH POCKETS,30.0,polyester,9.5,45
274912079,PATCHWORK BELT BAG WITH POCKETS,100.0,polyester,9.5,45
318956722,GESTEPPTER REGENPARKA MIT KAPUZE – WATER REPELLENT,100.0,polyester,9.5,45
318956722,GESTEPPTER REGENPARKA MIT KAPUZE – WATER REPELLENT,100.0,polyester,9.5,45
318956722,GESTEPPTER REGENPARKA MIT KAPUZE – WATER REPELLENT,100.0,polyester,9.5,45
201963272,KIDS/ CONTRAST LEATHER ANKLE BOOTS,8.0,polyester,9.5,45
201963272,KIDS/ CONTRAST LEATHER ANKLE BOOTS,100.0,cotton,5.9,65
201963272,KIDS/ CONTRAST LEATHER ANKLE BOOTS,100.0,cotton,5.9,65
311307926,SPODNIE TRENINGOWE Z TKANINY TECHNICZNEJ,17.0,elastane,15.0,35
311307926,SPODNIE TRENINGOWE Z TKANINY TECHNICZNEJ,12.0,elastane,15.0,35
277755085,HIGH-TOP RETRO SNEAKERS,100.0,polyester,9.5,45
277755085,HIGH-TOP RETRO SNEAKERS,100.0,polyester,9.5,45
187062145,LACE TOP,100.0,polyester,9.5,45
187062145,LACE TOP,13.0,cotton,5.9,65
291715638,JUPE EN JEAN TRF,58.0,lyocell,5.0,85
372129455,WASHED EFFECT MIDI DRESS,100.0,cotton,5.9,65
372129455,WASHED EFFECT MIDI DRESS,100.0,cotton,5.9,65
378154926,RIBBED DRESS,94.0,cotton,5.9,65
378154926,RIBBED DRESS,6.0,elastane,15.0,35
378154926,RIBBED DRESS,100.0,cotton,5.9,65
382573311,COMBINED WRAP JUMPSUIT,100.0,viscose,8.0,60
382573311,COMBINED WRAP JUMPSUIT,98.0,cotton,5.9,65
382573311,COMBINED WRAP JUMPSUIT,2.0,elastane,15.0,35
364082101,EMBROIDERED POPLIN DRESS,100.0,cotton,5.9,65
364082101,EMBROIDERED POPLIN DRESS,100.0,polyester,9.5,45
364082101,EMBROIDERED POPLIN DRESS,100.0,cotton,5.9,65
368403914,GINGHAM MINI DRESS,5.0,elastane,15.0,35
368403914,GINGHAM MINI DRESS,49.0,cotton,5.9,65
368403914,GINGHAM MINI DRESS,46.0,polyester,9.5,45
368403914,GINGHAM MINI DRESS,62.0,polyester,9.5,45
368403914,GINGHAM MINI DRESS,100.0,polyester,9.5,45
367764949,SATIN EFFECT MIDI SLIP DRESS,100.0,polyester,9.5,45
364736347,ZW COLLECTION MIDI HALTER DRESS,72.0,lyocell,5.0,85
364736347,ZW COLLECTION MIDI HALTER DRESS,28.0,linen,3.5,90
370162124,TRF FITTED DENIM DRESS,100.0,cotton,5.9,65
365697702,LONG BELTED DOUBLE BREASTED VEST,100.0,polyester,9.5,45
375532061,CONCH SHELL CUT OUT DRESS,100.0,polyester,9.5,45
375532061,CONCH SHELL CUT OUT DRESS,100.0,polyester,9.5,45
380141872,STRAPPY KNIT MINI DRESS,58.0,viscose,8.0,60
370346489,LINEN BLEND CORSET MIDI DRESS,52.0,linen,3.5,90
370346489,LINEN BLEND CORSET MIDI DRESS,46.0,viscose,8.0,60
370346489,LINEN BLEND CORSET MIDI DRESS,2.0,elastane,15.0,35
370091325,SEQUIN MESH DRESS,10.0,polyester,9.5,45
370091325,SEQUIN MESH DRESS,100.0,polyester,9.5,45
364107082,SEMI-SHEER TEXTURED DRESS,100.0,viscose,8.0,60
378728464,ANIMAL PRINT MIDI DRESS ZW COLLECTION,100.0,viscose,8.0,60
364082034,EMBROIDERED GABARDINE DRESS,100.0,cotton,5.9,65
366996290,TRF DENIM SHIRT DRESS,100.0,cotton,5.9,65
375798618,LONG FLORAL PRINT DRESS,100.0,viscose,8.0,60
375798618,LONG FLORAL PRINT DRESS,100.0,polyester,9.5,45
364082976,JACQUARD MIDI DRESS ZW COLLECTION,100.0,viscose,8.0,60
364082976,JACQUARD MIDI DRESS ZW COLLECTION,100.0,polyester,9.5,45
375382517,CROSSED BACK POLYAMIDE JUMPSUIT,9.0,elastane,15.0,35
365400817,SATIN EFFECT MIDI DRESS,100.0,polyester,9.5,45
365400817,SATIN EFFECT MIDI DRESS,100.0,polyester,9.5,45
386472891,ANIMAL PRINT TULLE DRESS,95.0,polyester,9.5,45
386472891,ANIMAL PRINT TULLE DRESS,5.0,elastane,15.0,35
386472891,ANIMAL PRINT TULLE DRESS,95.0,polyester,9.5,45
386472891,ANIMAL PRINT TULLE DRESS,5.0,elastane,15.0,35
372109424,SATIN EFFECT JEWEL BOW DRESS,100.0,polyester,9.5,45
372109424,SATIN EFFECT JEWEL BOW DRESS,100.0,polyester,9.5,45
372109424,SATIN EFFECT JEWEL BOW DRESS,100.0,polyester,9.5,45
372441335,SATIN SLIP DRESS,97.0,polyester,9.5,45
372441335,SATIN SLIP DRESS,3.0,elastane,15.0,35
370425221,LONG PLEATED DRESS,100.0,polyester,9.5,45
377252742,STRIPED SHIRT DRESS ZW COLLECTION,86.0,viscose,8.0,60
370701690,WRINKLE-LOOK BEADED MIDI DRESS,73.0,polyester,9.5,45
370701690,WRINKLE-LOOK BEADED MIDI DRESS,100.0,viscose,8.0,60
365893377,CUT OUT TWISTED DRESS,96.0,polyester,9.5,45
365893377,CUT OUT TWISTED DRESS,4.0,elastane,15.0,35
373292401,WRINKLE-EFFECT KNIT DRESS,54.0,viscose,8.0,60
385392887,CIRC X ZARA DRAPED MINI DRESS,100.0,lyocell,5.0,85
385392887,CIRC X ZARA DRAPED MINI DRESS,100.0,lyocell,5.0,85
380949708,BELTED SHIRTDRESS,100.0,polyester,9.5,45
378639790,SHORT STRIPED KNIT DRESS,100.0,polyester,9.5,45
368783771,SHORT PLAIN KNIT DRESS,62.0,viscose,8.0,60
364083971,DRAPED WAIST MIDI DRESS,72.0,cotton,5.9,65
364083971,DRAPED WAIST MIDI DRESS,25.0,polyester,9.5,45
364083971,DRAPED WAIST MIDI DRESS,3.0,elastane,15.0,35
364084410,Z1975 HALTER NECK DENIM JUMPSUIT,76.0,cotton,5.9,65
364084410,Z1975 HALTER NECK DENIM JUMPSUIT,24.0,viscose,8.0,60
372159784,RUFFLED DRESS ZW COLLECTION,52.0,viscose,8.0,60
372159784,RUFFLED DRESS ZW COLLECTION,48.0,cotton,5.9,65
364089164,EMBROIDERED NIGHTDRESS STYLE DRESS,82.0,viscose,8.0,60
364089164,EMBROIDERED NIGHTDRESS STYLE DRESS,18.0,polyester,9.5,45
364089164,EMBROIDERED NIGHTDRESS STYLE DRESS,78.0,cotton,5.9,65
364089164,EMBROIDERED NIGHTDRESS STYLE DRESS,100.0,polyester,9.5,45
364089164,EMBROIDERED NIGHTDRESS STYLE DRESS,70.0,cotton,5.9,65
364089164,EMBROIDERED NIGHTDRESS STYLE DRESS,30.0,polyester,9.5,45
384838358,STRAPLESS DRESS,100.0,polyester,9.5,45
384838358,STRAPLESS DRESS,100.0,polyester,9.5,45
370091311,OPEN BACK JEWEL TRIM MINI DRESS,92.0,polyester,9.5,45
370091311,OPEN BACK JEWEL TRIM MINI DRESS,8.0,elastane,15.0,35
370091311,OPEN BACK JEWEL TRIM MINI DRESS,100.0,polyester,9.5,45
364114801,WIDE JUMPSUIT WITH BELT,89.0,modal,6.5,70
364114801,WIDE JUMPSUIT WITH BELT,11.0,polyester,9.5,45
364114801,WIDE JUMPSUIT WITH BELT,100.0,polyester,9.5,45
374770609,SEQUIN MIDI DRESS,95.0,polyester,9.5,45
374770609,SEQUIN MIDI DRESS,5.0,elastane,15.0,35
374770609,SEQUIN MIDI DRESS,100.0,polyester,9.5,45
375665227,SATIN EFFECT OPEN BACK LONG DRESS,100.0,polyester,9.5,45
375665227,SATIN EFFECT OPEN BACK LONG DRESS,100.0,polyester,9.5,45
372363914,TEXTURED KNIT DRESS,100.0,polyester,9.5,45
379363223,TUNIC DRESS WITH LACE INSERTS,100.0,lyocell,5.0,85
364889794,CONTRASTING SATIN EFFECT MIDI DRESS,100.0,cotton,5.9,65
364889794,CONTRASTING SATIN EFFECT MIDI DRESS,97.0,polyester,9.5,45
364889794,CONTRASTING SATIN EFFECT MIDI DRESS,3.0,elastane,15.0,35
370422944,CONTRASTING TIE DYE DRESS,95.0,cotton,5.9,65
370422944,CONTRASTING TIE DYE DRESS,5.0,elastane,15.0,35
370422944,CONTRASTING TIE DYE DRESS,100.0,cotton,5.9,65
370422944,CONTRASTING TIE DYE DRESS,95.0,cotton,5.9,65
370422944,CONTRASTING TIE DYE DRESS,5.0,elastane,15.0,35
370422944,CONTRASTING TIE DYE DRESS,100.0,cotton,5.9,65
383466302,SATIN EFFECT CUT OUT MIDI DRESS,97.0,polyester,9.5,45
383466302,SATIN EFFECT CUT OUT MIDI DRESS,3.0,elastane,15.0,35
383466302,SATIN EFFECT CUT OUT MIDI DRESS,100.0,polyester,9.5,45
383814546,BELTED SHIRTDRESS ZW COLLECTION,71.0,cotton,5.9,65
383814546,BELTED SHIRTDRESS ZW COLLECTION,4.0,elastane,15.0,35
371441109,CUT OUT BLAZER DRESS,88.0,polyester,9.5,45
371441109,CUT OUT BLAZER DRESS,12.0,elastane,15.0,35
371441109,CUT OUT BLAZER DRESS,100.0,polyester,9.5,45
372463007,EMBROIDERED FLOWER TOP DRESS ZW COLLECTION,100.0,viscose,8.0,60
383729427,RUFFLED PRINTED SATIN EFFECT DRESS,100.0,polyester,9.5,45
383729427,RUFFLED PRINTED SATIN EFFECT DRESS,100.0,polyester,9.5,45
380887822,LACE SLIP DRESS ZW COLLECTION,100.0,polyester,9.5,45
380887822,LACE SLIP DRESS ZW COLLECTION,100.0,polyester,9.5,45
387664556,RUCHED SATIN EFFECT MIDI DRESS,97.0,polyester,9.5,45
387664556,RUCHED SATIN EFFECT MIDI DRESS,3.0,elastane,15.0,35
372760618,SATIN EFFECT BOW MIDI DRESS,92.0,polyester,9.5,45
372760618,SATIN EFFECT BOW MIDI DRESS,8.0,elastane,15.0,35
372760618,SATIN EFFECT BOW MIDI DRESS,100.0,polyester,9.5,45
372760618,SATIN EFFECT BOW MIDI DRESS,100.0,polyester,9.5,45
374288337,LINGERIE STYLE FLORAL PRINT DRESS,96.0,polyester,9.5,45
374288337,LINGERIE STYLE FLORAL PRINT DRESS,4.0,elastane,15.0,35
374288337,LINGERIE STYLE FLORAL PRINT DRESS,90.0,polyester,9.5,45
374288337,LINGERIE STYLE FLORAL PRINT DRESS,10.0,elastane,15.0,35
364082120,SHORT EMBROIDERED DRESS,86.0,cotton,5.9,65
364082120,SHORT EMBROIDERED DRESS,14.0,linen,3.5,90
364082120,SHORT EMBROIDERED DRESS,100.0,cotton,5.9,65
372172220,Cotton blend dress. V-neckline and wide straps. A-line silhouette.,58.0,cotton,5.9,65
372172220,Cotton blend dress. V-neckline and wide straps. A-line silhouette.,35.0,polyester,9.5,45
372172220,Cotton blend dress. V-neckline and wide straps. A-line silhouette.,2.0,elastane,15.0,35
372172220,Cotton blend dress. V-neckline and wide straps. A-line silhouette.,0.5,viscose,8.0,60
412896187,OPEN BACK HALTER DRESS,100.0,polyester,9.5,45
412896187,OPEN BACK HALTER DRESS,100.0,polyester,9.5,45
377059851,TULLE MIDI DRESS,95.0,polyester,9.5,45
377059851,TULLE MIDI DRESS,5.0,elastane,15.0,35
377059851,TULLE MIDI DRESS,95.0,polyester,9.5,45
377059851,TULLE MIDI DRESS,5.0,elastane,15.0,35
380836307,FLORAL SATIN EFFECT MIDI DRESS,97.0,polyester,9.5,45
380836307,FLORAL SATIN EFFECT MIDI DRESS,3.0,elastane,15.0,35
380836307,FLORAL SATIN EFFECT MIDI DRESS,100.0,polyester,9.5,45
365441181,FRINGE HALTER MIDI DRESS,85.0,viscose,8.0,60
365441181,FRINGE HALTER MIDI DRESS,100.0,polyester,9.5,45
372126396,SHORT RIB DRESS,98.0,cotton,5.9,65
372126396,SHORT RIB DRESS,2.0,elastane,15.0,35
375710068,LONG PLEATED JUMPSUIT,100.0,polyester,9.5,45
375710068,LONG PLEATED JUMPSUIT,100.0,polyester,9.5,45
365593650,BEADED SEQUIN DRESS,100.0,viscose,8.0,60
365593650,BEADED SEQUIN DRESS,100.0,viscose,8.0,60
364668569,SATIN EFFECT MIDI SLIP DRESS,100.0,polyester,9.5,45
372082087,PRINTED TULLE DRESS,95.0,polyester,9.5,45
372082087,PRINTED TULLE DRESS,5.0,elastane,15.0,35
372082087,PRINTED TULLE DRESS,100.0,polyester,9.5,45
372174685,SEAMLESS JEWEL HALTER DRESS,11.0,elastane,15.0,35
375828181,SHIMMER POLYAMIDE HALTER DRESS,14.0,elastane,15.0,35
377057800,PLEATED RUFFLED DRESS,100.0,polyester,9.5,45
377057800,PLEATED RUFFLED DRESS,100.0,polyester,9.5,45
370422018,PRINTED STRUCTURED DRESS ZW COLLECTION,100.0,viscose,8.0,60
370422018,PRINTED STRUCTURED DRESS ZW COLLECTION,100.0,viscose,8.0,60
380130619,CONTRASTING RIB MIDI DRESS,92.0,cotton,5.9,65
380130619,CONTRASTING RIB MIDI DRESS,8.0,elastane,15.0,35
380130619,CONTRASTING RIB MIDI DRESS,100.0,cotton,5.9,65
368783984,METALLIC MESH MIDI DRESS,72.0,viscose,8.0,60
370988661,SHORT DRESS WITH RUCHING,96.0,polyester,9.5,45
370988661,SHORT DRESS WITH RUCHING,4.0,elastane,15.0,35
370988661,SHORT DRESS WITH RUCHING,100.0,polyester,9.5,45
368753399,ASYMMETRIC SATIN EFFECT DRESS,55.0,viscose,8.0,60
368753399,ASYMMETRIC SATIN EFFECT DRESS,45.0,polyester,9.5,45
368753399,ASYMMETRIC SATIN EFFECT DRESS,55.0,viscose,8.0,60
368753399,ASYMMETRIC SATIN EFFECT DRESS,45.0,polyester,9.5,45
364239338,PRINTED TULLE DRESS,95.0,polyester,9.5,45
364239338,PRINTED TULLE DRESS,5.0,elastane,15.0,35
364239338,PRINTED TULLE DRESS,95.0,polyester,9.5,45
364239338,PRINTED TULLE DRESS,5.0,elastane,15.0,35
364082180,TEXTURED MIDI DRESS,90.0,viscose,8.0,60
364082180,TEXTURED MIDI DRESS,100.0,cotton,5.9,65
382670405,OPEN BACK DRESS,89.0,polyester,9.5,45
382670405,OPEN BACK DRESS,11.0,elastane,15.0,35
382670405,OPEN BACK DRESS,89.0,polyester,9.5,45
382670405,OPEN BACK DRESS,11.0,elastane,15.0,35
366164083,DRAPED WAIST MIDI DRESS,52.0,linen,3.5,90
366164083,DRAPED WAIST MIDI DRESS,48.0,viscose,8.0,60
370381316,LINEN BLEND LACE DRESS ZW COLLECTION,68.0,linen,3.5,90
370381316,LINEN BLEND LACE DRESS ZW COLLECTION,32.0,viscose,8.0,60
365926917,LONG FOIL HALTER DRESS,95.0,polyester,9.5,45
365926917,LONG FOIL HALTER DRESS,5.0,elastane,15.0,35
365926917,LONG FOIL HALTER DRESS,100.0,polyester,9.5,45
371183018,ORGANZA JEWEL DRESS,100.0,polyester,9.5,45
371183018,ORGANZA JEWEL DRESS,100.0,polyester,9.5,45
377399369,GOLDEN APPLIQUÉ MIDI DRESS,87.0,viscose,8.0,60
377399369,GOLDEN APPLIQUÉ MIDI DRESS,100.0,polyester,9.5,45
364105117,STRETCH KNIT MIDI DRESS,69.0,viscose,8.0,60
364105117,STRETCH KNIT MIDI DRESS,27.0,polyester,9.5,45
364105117,STRETCH KNIT MIDI DRESS,4.0,elastane,15.0,35
364082726,BEADED CUT OUT DRESS,100.0,polyester,9.5,45
364082726,BEADED CUT OUT DRESS,100.0,polyester,9.5,45
364108772,SHORT KNIT DRESS,69.0,viscose,8.0,60
364108772,SHORT KNIT DRESS,4.0,elastane,15.0,35
368404788,FULL CUT KNOTTED LINEN BLEND JUMPSUIT,52.0,linen,3.5,90
368404788,FULL CUT KNOTTED LINEN BLEND JUMPSUIT,48.0,viscose,8.0,60
372484898,RUBBERIZED EMBROIDERY SHORT DRESS,100.0,cotton,5.9,65
372484898,RUBBERIZED EMBROIDERY SHORT DRESS,56.0,cotton,5.9,65
372484898,RUBBERIZED EMBROIDERY SHORT DRESS,44.0,polyester,9.5,45
378492924,SHINY TULLE MINI DRESS,94.0,polyester,9.5,45
378492924,SHINY TULLE MINI DRESS,6.0,elastane,15.0,35
378492924,SHINY TULLE MINI DRESS,94.0,polyester,9.5,45
378492924,SHINY TULLE MINI DRESS,6.0,elastane,15.0,35
379330111,ANIMAL PRINT DRESS ZW COLLECTION,100.0,viscose,8.0,60
372753509,BELTED DRAPED DRESS,100.0,polyester,9.5,45
372753509,BELTED DRAPED DRESS,100.0,polyester,9.5,45
376878780,LACE LINGERIE STYLE DRESS ZW COLLECTION,100.0,viscose,8.0,60
376878780,LACE LINGERIE STYLE DRESS ZW COLLECTION,46.0,polyester,9.5,45
379058951,STRUCTURED FLORAL CONTRASTING JUMPSUIT,100.0,polyester,9.5,45
379058951,STRUCTURED FLORAL CONTRASTING JUMPSUIT,73.0,polyester,9.5,45
379058951,STRUCTURED FLORAL CONTRASTING JUMPSUIT,6.0,elastane,15.0,35
379058951,STRUCTURED FLORAL CONTRASTING JUMPSUIT,21.0,viscose,8.0,60
379058951,STRUCTURED FLORAL CONTRASTING JUMPSUIT,97.0,polyester,9.5,45
379058951,STRUCTURED FLORAL CONTRASTING JUMPSUIT,3.0,elastane,15.0,35
384582260,FLOWY DRAPED DRESS,100.0,polyester,9.5,45
384582260,FLOWY DRAPED DRESS,100.0,polyester,9.5,45
367358480,MINI SHIRT DRESS,90.0,polyester,9.5,45
367358480,MINI SHIRT DRESS,10.0,elastane,15.0,35
370700770,SATIN EFFECT MIDI DRESS,97.0,polyester,9.5,45
370700770,SATIN EFFECT MIDI DRESS,3.0,elastane,15.0,35
370700770,SATIN EFFECT MIDI DRESS,97.0,polyester,9.5,45
370700770,SATIN EFFECT MIDI DRESS,3.0,elastane,15.0,35
373317492,BUTTONED KNIT MIDI DRESS,38.0,acrylic,38.0,30
373317492,BUTTONED KNIT MIDI DRESS,37.0,polyester,9.5,45
373317492,BUTTONED KNIT MIDI DRESS,5.0,wool,46.0,40
367463694,CUTWORK MIDI DRESS,87.0,polyester,9.5,45
367463694,CUTWORK MIDI DRESS,100.0,polyester,9.5,45
371358915,LONG POLYAMIDE DRESS,24.0,elastane,15.0,35
377055027,SATIN EFFECT OPEN BACK MIDI DRESS,100.0,polyester,9.5,45
370064531,LONG RIB KNIT DRESS,60.0,polyester,9.5,45
370064531,LONG RIB KNIT DRESS,40.0,viscose,8.0,60
376581304,SATIN EFFECT MIDI DRESS,97.0,polyester,9.5,45
376581304,SATIN EFFECT MIDI DRESS,3.0,elastane,15.0,35
376581304,SATIN EFFECT MIDI DRESS,97.0,polyester,9.5,45
376581304,SATIN EFFECT MIDI DRESS,3.0,elastane,15.0,35
370069140,FLOWY HALTER NECK JUMPSUIT,100.0,polyester,9.5,45
375665917,SATIN EFFECT DRAPED MIDI DRESS,100.0,polyester,9.5,45
375665917,SATIN EFFECT DRAPED MIDI DRESS,100.0,polyester,9.5,45
364560957,SLIP DRESS WITH EMBROIDERY AND BEADING,100.0,viscose,8.0,60
367021473,KNIT MINI DRESS WITH CONTRASTING BOWS,52.0,viscose,8.0,60
371374841,KNIT DRESS WITH OPEN BACK,46.0,viscose,8.0,60
367195160,SLIP DRESS WITH EMBROIDERY AND BEADING,100.0,viscose,8.0,60
367195160,SLIP DRESS WITH EMBROIDERY AND BEADING,100.0,polyester,9.5,45
366097161,RIBBED CUT OUT DRESS,94.0,cotton,5.9,65
366097161,RIBBED CUT OUT DRESS,6.0,elastane,15.0,35
366097161,RIBBED CUT OUT DRESS,97.0,cotton,5.9,65
366097161,RIBBED CUT OUT DRESS,3.0,elastane,15.0,35
366097161,RIBBED CUT OUT DRESS,100.0,cotton,5.9,65
374409182,CRINKLE EFFECT MIDI DRESS ZW COLLECTION,100.0,polyester,9.5,45
368404283,LINEN BLEND MIDI DRESS ZW COLLECTION,55.0,linen,3.5,90
368404283,LINEN BLEND MIDI DRESS ZW COLLECTION,45.0,viscose,8.0,60
368404283,LINEN BLEND MIDI DRESS ZW COLLECTION,100.0,cotton,5.9,65
383463450,MINI DRESS ZW COLLECTION,100.0,polyester,9.5,45
383463450,MINI DRESS ZW COLLECTION,100.0,polyester,9.5,45
364561098,FINE KNIT OPENWORK DRESS,82.0,viscose,8.0,60
364561098,FINE KNIT OPENWORK DRESS,18.0,polyester,9.5,45
370645245,OPEN BACK HALTER DRESS,100.0,polyester,9.5,45
370645245,OPEN BACK HALTER DRESS,100.0,polyester,9.5,45
378427389,CONTRASTING CROCHET KNIT DRESS,100.0,cotton,5.9,65
378427389,CONTRASTING CROCHET KNIT DRESS,100.0,viscose,8.0,60
370386172,RUSTIC JACQUARD DRESS,58.0,polyester,9.5,45
370386172,RUSTIC JACQUARD DRESS,39.0,cotton,5.9,65
370386172,RUSTIC JACQUARD DRESS,2.0,elastane,15.0,35
364737326,LONG SLIP STYLE DRESS,100.0,polyester,9.5,45
378225054,LONG CROCHET DRESS,69.0,cotton,5.9,65
378225054,LONG CROCHET DRESS,31.0,polyester,9.5,45
376553944,PRINTED SHIRT DRESS ZW COLLECTION,100.0,cotton,5.9,65
372078742,RUCHED CORSET DRESS,88.0,polyester,9.5,45
372078742,RUCHED CORSET DRESS,12.0,elastane,15.0,35
372078742,RUCHED CORSET DRESS,88.0,polyester,9.5,45
372078742,RUCHED CORSET DRESS,12.0,elastane,15.0,35
372078742,RUCHED CORSET DRESS,100.0,polyester,9.5,45
365534654,BEADED GEORGETTE DRESS,100.0,polyester,9.5,45
365534654,BEADED GEORGETTE DRESS,100.0,polyester,9.5,45
368404316,CUT OUT MAXI DRESS,97.0,polyester,9.5,45
368404316,CUT OUT MAXI DRESS,3.0,elastane,15.0,35
368404316,CUT OUT MAXI DRESS,100.0,polyester,9.5,45
382077298,ELASTIC BELT DRESS,92.0,polyester,9.5,45
382077298,ELASTIC BELT DRESS,8.0,elastane,15.0,35
382077298,ELASTIC BELT DRESS,100.0,polyester,9.5,45
367449407,ANIMAL PRINT DRESS,89.0,polyester,9.5,45
367449407,ANIMAL PRINT DRESS,11.0,elastane,15.0,35
367449407,ANIMAL PRINT DRESS,100.0,polyester,9.5,45
386168100,DRAPED FITTED DRESS,100.0,polyester,9.5,45
383020577,STRETCH KNIT HALTER DRESS,69.0,viscose,8.0,60
383020577,STRETCH KNIT HALTER DRESS,27.0,polyester,9.5,45
383020577,STRETCH KNIT HALTER DRESS,4.0,elastane,15.0,35
364085447,LACE MIDI DRESS ZW COLLECTION,100.0,viscose,8.0,60
364085447,LACE MIDI DRESS ZW COLLECTION,100.0,polyester,9.5,45
382392617,BELTED SHORT DRESS ZW COLLECTION,97.0,cotton,5.9,65
382392617,BELTED SHORT DRESS ZW COLLECTION,3.0,elastane,15.0,35
375274162,OPEN BACK KNIT MIDI DRESS,72.0,viscose,8.0,60
372485024,SHORT STRAPPY DRESS ZW COLLECTION,100.0,lyocell,5.0,85
372485024,SHORT STRAPPY DRESS ZW COLLECTION,29.0,viscose,8.0,60
372485024,SHORT STRAPPY DRESS ZW COLLECTION,100.0,lyocell,5.0,85
364082173,POPLIN DRESS WITH TEXTURED FLOWERS,87.0,polyester,9.5,45
364082173,POPLIN DRESS WITH TEXTURED FLOWERS,13.0,cotton,5.9,65
364082173,POPLIN DRESS WITH TEXTURED FLOWERS,100.0,cotton,5.9,65
378728564,CONTRASTING STRAP PRINT DRESS,100.0,viscose,8.0,60
378728564,CONTRASTING STRAP PRINT DRESS,78.0,linen,3.5,90
378728564,CONTRASTING STRAP PRINT DRESS,100.0,polyester,9.5,45
374266049,BEADED MESH DRESS,100.0,viscose,8.0,60
364088282,FLORAL PRINT DRESS,100.0,viscose,8.0,60
364088282,FLORAL PRINT DRESS,100.0,polyester,9.5,45
377167294,CREPE PALAZZO JUMPSUIT,95.0,polyester,9.5,45
377167294,CREPE PALAZZO JUMPSUIT,5.0,elastane,15.0,35
377379091,FLORAL SATIN EFFECT MIDI DRESS,100.0,polyester,9.5,45
377379091,FLORAL SATIN EFFECT MIDI DRESS,100.0,polyester,9.5,45
378473498,PRINTED DRESS ZW COLLECTION,100.0,viscose,8.0,60
378473498,PRINTED DRESS ZW COLLECTION,100.0,viscose,8.0,60
365439602,WIDE JUMPSUIT WITH CUT OUT,97.0,polyester,9.5,45
365439602,WIDE JUMPSUIT WITH CUT OUT,3.0,elastane,15.0,35
365439602,WIDE JUMPSUIT WITH CUT OUT,100.0,polyester,9.5,45
370346695,LINEN BLEND POLKA DOT MIDI DRESS,52.0,linen,3.5,90
370346695,LINEN BLEND POLKA DOT MIDI DRESS,46.0,viscose,8.0,60
370346695,LINEN BLEND POLKA DOT MIDI DRESS,2.0,elastane,15.0,35
366944813,POLYAMIDE MIDI DRESS WITH BOW,18.0,elastane,15.0,35
366944813,POLYAMIDE MIDI DRESS WITH BOW,18.0,elastane,15.0,35
372110102,ELASTIC BELT DRESS,96.0,polyester,9.5,45
372110102,ELASTIC BELT DRESS,4.0,elastane,15.0,35
372110102,ELASTIC BELT DRESS,96.0,polyester,9.5,45
372110102,ELASTIC BELT DRESS,4.0,elastane,15.0,35
365440514,Round neck dress with asymmetric sleeves and front golden appliqué. Fitted waist.,100.0,viscose,8.0,60
365440514,Round neck dress with asymmetric sleeves and front golden appliqué. Fitted waist.,100.0,polyester,9.5,45
377055099,RUFFLED SATIN EFFECT MIDI DRESS,100.0,polyester,9.5,45
375665893,SATIN EFFECT PRINTED LONG DRESS,100.0,polyester,9.5,45
375665893,SATIN EFFECT PRINTED LONG DRESS,100.0,polyester,9.5,45
367188288,POINTELLE SEAMS DRESS,100.0,cotton,5.9,65
368751491,LONG TANK DRESS ZW COLLECTION,84.0,viscose,8.0,60
368751491,LONG TANK DRESS ZW COLLECTION,16.0,polyester,9.5,45
368751491,LONG TANK DRESS ZW COLLECTION,85.0,lyocell,5.0,85
368751491,LONG TANK DRESS ZW COLLECTION,2.0,elastane,15.0,35
368751491,LONG TANK DRESS ZW COLLECTION,13.0,polyester,9.5,45
368751491,LONG TANK DRESS ZW COLLECTION,85.0,lyocell,5.0,85
368751491,LONG TANK DRESS ZW COLLECTION,2.0,elastane,15.0,35
368751491,LONG TANK DRESS ZW COLLECTION,13.0,polyester,9.5,45
368751491,LONG TANK DRESS ZW COLLECTION,100.0,polyester,9.5,45
370641710,CUTWORK SHORT DRESS,87.0,polyester,9.5,45
381193145,DENIM MINI DRESS ZW COLLECTION,100.0,cotton,5.9,65
364236440,OPEN BACK CUT OUT DRESS,96.0,polyester,9.5,45
364236440,OPEN BACK CUT OUT DRESS,4.0,elastane,15.0,35
364236440,OPEN BACK CUT OUT DRESS,100.0,polyester,9.5,45
377200073,LONG SATIN EFFECT HALTER DRESS,66.0,viscose,8.0,60
377200073,LONG SATIN EFFECT HALTER DRESS,34.0,polyester,9.5,45
377200073,LONG SATIN EFFECT HALTER DRESS,100.0,polyester,9.5,45
383841184,RUSTIC MIDI DRESS,85.0,cotton,5.9,65
383841184,RUSTIC MIDI DRESS,15.0,polyester,9.5,45
365534706,BEADED FRINGED GEORGETTE DRESS,100.0,polyester,9.5,45
375230120,STRETCH KNIT MIDI DRESS,69.0,viscose,8.0,60
375230120,STRETCH KNIT MIDI DRESS,27.0,polyester,9.5,45
375230120,STRETCH KNIT MIDI DRESS,4.0,elastane,15.0,35
368720706,SATIN EFFECT FOIL MIDI DRESS,82.0,viscose,8.0,60
368720706,SATIN EFFECT FOIL MIDI DRESS,18.0,polyester,9.5,45
368720706,SATIN EFFECT FOIL MIDI DRESS,100.0,polyester,9.5,45
368753392,SATIN EFFECT CUT OUT DRESS,55.0,viscose,8.0,60
368753392,SATIN EFFECT CUT OUT DRESS,45.0,polyester,9.5,45
368753392,SATIN EFFECT CUT OUT DRESS,55.0,viscose,8.0,60
368753392,SATIN EFFECT CUT OUT DRESS,45.0,polyester,9.5,45
372178038,STRIPED MIDI DRESS ZW COLLECTION,78.0,viscose,8.0,60
370346768,LINEN BLEND CORSET MIDI DRESS,52.0,linen,3.5,90
370346768,LINEN BLEND CORSET MIDI DRESS,46.0,viscose,8.0,60
370346768,LINEN BLEND CORSET MIDI DRESS,2.0,elastane,15.0,35
370091690,SATIN EFFECT HALTER DRESS,100.0,polyester,9.5,45
370091690,SATIN EFFECT HALTER DRESS,100.0,polyester,9.5,45
375665344,LONG FOIL HALTER DRESS,92.0,polyester,9.5,45
375665344,LONG FOIL HALTER DRESS,8.0,elastane,15.0,35
375665344,LONG FOIL HALTER DRESS,100.0,polyester,9.5,45
375532040,SHELL HALTER DRESS,100.0,polyester,9.5,45
375532040,SHELL HALTER DRESS,100.0,polyester,9.5,45
370385509,ZW COLLECTION CONTRAST WRAP DRESS,78.0,viscose,8.0,60
370945535,CUT OUT MAXI DRESS,99.0,polyester,9.5,45
370945535,CUT OUT MAXI DRESS,1.0,elastane,15.0,35
374757005,SATIN EFFECT HALTER DRESS,97.0,polyester,9.5,45
374757005,SATIN EFFECT HALTER DRESS,3.0,elastane,15.0,35
374468850,KNIT DRESS WITH METALLIC THREAD,75.0,viscose,8.0,60
364082360,RAISED FLOWERS STRAPLESS DRESS,100.0,cotton,5.9,65
364082360,RAISED FLOWERS STRAPLESS DRESS,100.0,cotton,5.9,65
364108548,EMBROIDERED MAXI DRESS,100.0,viscose,8.0,60
364108548,EMBROIDERED MAXI DRESS,100.0,polyester,9.5,45
364108548,EMBROIDERED MAXI DRESS,80.0,cotton,5.9,65
377018040,SHORT PRINTED TULLE DRESS,95.0,polyester,9.5,45
377018040,SHORT PRINTED TULLE DRESS,5.0,elastane,15.0,35
377018040,SHORT PRINTED TULLE DRESS,95.0,polyester,9.5,45
377018040,SHORT PRINTED TULLE DRESS,5.0,elastane,15.0,35
364091353,Z1975 FITTED DENIM MINI DRESS,99.0,cotton,5.9,65
364091353,Z1975 FITTED DENIM MINI DRESS,1.0,elastane,15.0,35
370091318,SHORT DRESS WITH RHINESTONES,92.0,polyester,9.5,45
370091318,SHORT DRESS WITH RHINESTONES,8.0,elastane,15.0,35
370091318,SHORT DRESS WITH RHINESTONES,100.0,polyester,9.5,45
365469605,MINI DRESS WITH SHOULDER PADS,89.0,polyester,9.5,45
365469605,MINI DRESS WITH SHOULDER PADS,11.0,elastane,15.0,35
385401441,LONG PRINTED DRESS ZW COLLECTION,100.0,viscose,8.0,60
385401441,LONG PRINTED DRESS ZW COLLECTION,100.0,polyester,9.5,45
368782222,SATIN EFFECT MIDI DRESS,97.0,polyester,9.5,45
368782222,SATIN EFFECT MIDI DRESS,3.0,elastane,15.0,35
364111187,DRAPED LINGERIE-STYLE DRESS,96.0,polyester,9.5,45
364111187,DRAPED LINGERIE-STYLE DRESS,4.0,elastane,15.0,35
364111187,DRAPED LINGERIE-STYLE DRESS,100.0,polyester,9.5,45
364111187,DRAPED LINGERIE-STYLE DRESS,96.0,polyester,9.5,45
364111187,DRAPED LINGERIE-STYLE DRESS,4.0,elastane,15.0,35
364105088,EMBROIDERED PRINTED KIMONO,100.0,viscose,8.0,60
364105088,EMBROIDERED PRINTED KIMONO,100.0,polyester,9.5,45
367908478,SHORT PLAIN KNIT DRESS,48.0,viscose,8.0,60
375665143,RUFFLED LONG ANIMAL PRINT DRESS,100.0,polyester,9.5,45
375665143,RUFFLED LONG ANIMAL PRINT DRESS,100.0,polyester,9.5,45
370349071,PRINTED SHORT DRESS ZW COLLECTION,100.0,cotton,5.9,65
376408337,SATIN EFFECT ASYMMETRIC DRESS,100.0,polyester,9.5,45
376408337,SATIN EFFECT ASYMMETRIC DRESS,100.0,polyester,9.5,45
378428727,CONTRASTING MIDI DRESS,100.0,cotton,5.9,65
378428727,CONTRASTING MIDI DRESS,92.0,cotton,5.9,65
378428727,CONTRASTING MIDI DRESS,8.0,elastane,15.0,35
364085797,EMBROIDERED STRAPPY DRESS ZW COLLECTION,100.0,viscose,8.0,60
364085797,EMBROIDERED STRAPPY DRESS ZW COLLECTION,100.0,polyester,9.5,45
368754880,LINEN BLEND TUNIC DRESS ZW COLLECTION,78.0,linen,3.5,90
368754880,LINEN BLEND TUNIC DRESS ZW COLLECTION,22.0,cotton,5.9,65
372988136,CUT OUT BOWS MIDI DRESS,71.0,cotton,5.9,65
372988136,CUT OUT BOWS MIDI DRESS,25.0,linen,3.5,90
372988136,CUT OUT BOWS MIDI DRESS,4.0,elastane,15.0,35
372988136,CUT OUT BOWS MIDI DRESS,100.0,polyester,9.5,45
370117241,BELTED RUFFLED PRINTED DRESS,100.0,polyester,9.5,45
370117241,BELTED RUFFLED PRINTED DRESS,100.0,polyester,9.5,45
386992037,BEADED JEWELS DRESS,100.0,polyester,9.5,45
386992037,BEADED JEWELS DRESS,100.0,polyester,9.5,45
380955692,RUFFLED SATIN EFFECT MIDI DRESS,100.0,polyester,9.5,45
380955692,RUFFLED SATIN EFFECT MIDI DRESS,100.0,polyester,9.5,45
368526712,SATIN SLIP DRESS,100.0,polyester,9.5,45
366416189,STRAPPY CROCHET DRESS,67.0,cotton,5.9,65
366416189,STRAPPY CROCHET DRESS,28.0,polyester,9.5,45
365405141,PLEATED HALTER DRESS,100.0,polyester,9.5,45
365405141,PLEATED HALTER DRESS,100.0,polyester,9.5,45
379085951,CUT OUT MIDI DRESS ZW COLLECTION,73.0,cotton,5.9,65
379085951,CUT OUT MIDI DRESS ZW COLLECTION,23.0,polyester,9.5,45
379085951,CUT OUT MIDI DRESS ZW COLLECTION,4.0,elastane,15.0,35
381172523,STRUCTURED FLORAL MINI DRESS,100.0,polyester,9.5,45
376803099,ZW COLLECTION EMBROIDERED SHIRTDRESS,100.0,cotton,5.9,65
376803099,ZW COLLECTION EMBROIDERED SHIRTDRESS,100.0,cotton,5.9,65
372128433,SEQUIN GEORGETTE DRESS,100.0,polyester,9.5,45
364089176,LACE INSERT NIGHTDRESS DRESS,100.0,cotton,5.9,65
365926144,SPARKLY BOW SHORT DRESS,92.0,polyester,9.5,45
365926144,SPARKLY BOW SHORT DRESS,8.0,elastane,15.0,35
365926144,SPARKLY BOW SHORT DRESS,100.0,polyester,9.5,45
377167298,CREPE HALTER JUMPSUIT,95.0,polyester,9.5,45
377167298,CREPE HALTER JUMPSUIT,5.0,elastane,15.0,35
377167298,CREPE HALTER JUMPSUIT,95.0,polyester,9.5,45
377167298,CREPE HALTER JUMPSUIT,5.0,elastane,15.0,35
383729518,RUFFLED ANIMAL PRINT DRESS,100.0,viscose,8.0,60
383729518,RUFFLED ANIMAL PRINT DRESS,100.0,polyester,9.5,45
385894438,LACE SATIN EFFECT MINI DRESS ZW COLLECTION,100.0,viscose,8.0,60
385894438,LACE SATIN EFFECT MINI DRESS ZW COLLECTION,100.0,polyester,9.5,45
385894438,LACE SATIN EFFECT MINI DRESS ZW COLLECTION,100.0,viscose,8.0,60
373316116,SLEEVELESS DRESS ZW COLLECTION,100.0,viscose,8.0,60
373316116,SLEEVELESS DRESS ZW COLLECTION,100.0,polyester,9.5,45
364083307,LONG RUSTIC JUMPSUIT,72.0,viscose,8.0,60
364083307,LONG RUSTIC JUMPSUIT,27.0,linen,3.5,90
364083307,LONG RUSTIC JUMPSUIT,1.0,elastane,15.0,35
364083307,LONG RUSTIC JUMPSUIT,72.0,viscose,8.0,60
364083307,LONG RUSTIC JUMPSUIT,27.0,linen,3.5,90
364083307,LONG RUSTIC JUMPSUIT,1.0,elastane,15.0,35
370986731,LACE SLIP DRESS ZW COLLECTION,100.0,viscose,8.0,60
385393573,CIRC X ZARA LONG OPEN BACK DRESS,100.0,lyocell,5.0,85
385393573,CIRC X ZARA LONG OPEN BACK DRESS,100.0,lyocell,5.0,85
366135277,LINEN BLEND MINI SHIRTDRESS,52.0,linen,3.5,90
366135277,LINEN BLEND MINI SHIRTDRESS,48.0,cotton,5.9,65
380728682,FITTED MIDI SHIRTDRESS,97.0,cotton,5.9,65
380728682,FITTED MIDI SHIRTDRESS,3.0,elastane,15.0,35
377018036,PRINTED TULLE BANDEAU DRESS,95.0,polyester,9.5,45
377018036,PRINTED TULLE BANDEAU DRESS,5.0,elastane,15.0,35
377018036,PRINTED TULLE BANDEAU DRESS,95.0,polyester,9.5,45
377018036,PRINTED TULLE BANDEAU DRESS,5.0,elastane,15.0,35
372131442,BELTED SHIRTDRESS ZW COLLECTION,100.0,cotton,5.9,65
371209226,SATIN EFFECT JACQUARD MIDI DRESS,100.0,polyester,9.5,45
371209226,SATIN EFFECT JACQUARD MIDI DRESS,100.0,polyester,9.5,45
370091331,JEWEL MIDI DRESS,92.0,polyester,9.5,45
370091331,JEWEL MIDI DRESS,8.0,elastane,15.0,35
370091331,JEWEL MIDI DRESS,100.0,polyester,9.5,45
364108900,EMBROIDERED BEADED DRESS,100.0,polyester,9.5,45
364108900,EMBROIDERED BEADED DRESS,70.0,cotton,5.9,65
364108900,EMBROIDERED BEADED DRESS,100.0,polyester,9.5,45
376876954,WIDE FIT RUFFLED JUMPSUIT,53.0,viscose,8.0,60
376876954,WIDE FIT RUFFLED JUMPSUIT,47.0,polyester,9.5,45
376876954,WIDE FIT RUFFLED JUMPSUIT,100.0,polyester,9.5,45
370947040,SATIN EFFECT HALTER NECK LONG DRESS,100.0,polyester,9.5,45
371360819,CUT OUT RING KNIT DRESS,61.0,polyester,9.5,45
371360819,CUT OUT RING KNIT DRESS,30.0,viscose,8.0,60
396387028,ANIMAL PRINT DRESS ZW COLLECTION,100.0,viscose,8.0,60
374527588,WRINKLE EFFECT CUT OUT DRESS,100.0,polyester,9.5,45
374527588,WRINKLE EFFECT CUT OUT DRESS,100.0,polyester,9.5,45
377079389,LINEN BLEND MIDI DRESS ZW COLLECTION,53.0,linen,3.5,90
377079389,LINEN BLEND MIDI DRESS ZW COLLECTION,47.0,cotton,5.9,65
370987433,SATIN EFFECT OPEN BACK MIDI DRESS,100.0,polyester,9.5,45
370987433,SATIN EFFECT OPEN BACK MIDI DRESS,100.0,polyester,9.5,45
367644388,STRAPPY SHORT JUMPSUIT WITH BOWS,100.0,cotton,5.9,65
370724150,ANIMAL PRINT DRESS ZW COLLECTION,100.0,viscose,8.0,60
375813959,SATIN EFFECT ASYMMETRIC JUMPSUIT,100.0,polyester,9.5,45
375813959,SATIN EFFECT ASYMMETRIC JUMPSUIT,100.0,polyester,9.5,45
364105097,BEADED SEQUIN HALTER DRESS,100.0,polyester,9.5,45
364105097,BEADED SEQUIN HALTER DRESS,100.0,viscose,8.0,60
372759609,DRSS BTTN 13,100.0,cotton,5.9,65
372128211,LONG JAQUARD HALTER DRESS,99.0,polyester,9.5,45
372128211,LONG JAQUARD HALTER DRESS,1.0,elastane,15.0,35
372078712,STRAPLESS BOW DRESS,88.0,polyester,9.5,45
372078712,STRAPLESS BOW DRESS,12.0,elastane,15.0,35
372078712,STRAPLESS BOW DRESS,100.0,polyester,9.5,45
370347619,KNIT HALTER NECK MIDI DRESS,55.0,viscose,8.0,60
375666604,LONG ASYMMETRIC FOIL DRESS,100.0,polyester,9.5,45
375666604,LONG ASYMMETRIC FOIL DRESS,100.0,polyester,9.5,45
372082107,DRAPED OPEN BACK DRESS,100.0,polyester,9.5,45
372082107,DRAPED OPEN BACK DRESS,100.0,polyester,9.5,45
364087976,LINEN BLEND POLKA DOT MIDI DRESS,55.0,linen,3.5,90
364087976,LINEN BLEND POLKA DOT MIDI DRESS,45.0,viscose,8.0,60
364087976,LINEN BLEND POLKA DOT MIDI DRESS,100.0,polyester,9.5,45
380852868,METALLIC THREAD ANIMAL PRINT DRESS,99.0,polyester,9.5,45
380852868,METALLIC THREAD ANIMAL PRINT DRESS,1.0,polyester,9.5,45
380852868,METALLIC THREAD ANIMAL PRINT DRESS,100.0,polyester,9.5,45
375274167,TASSELED CROCHET KAFTAN DRESS,65.0,cotton,5.9,65
375274167,TASSELED CROCHET KAFTAN DRESS,20.0,polyester,9.5,45
375274167,TASSELED CROCHET KAFTAN DRESS,15.0,viscose,8.0,60
376978355,RUFFLED PLEATED ASYMMETRIC DRESS,100.0,polyester,9.5,45
376978355,RUFFLED PLEATED ASYMMETRIC DRESS,100.0,polyester,9.5,45
369260774,BACK JEWEL BOW MINI DRESS,88.0,polyester,9.5,45
369260774,BACK JEWEL BOW MINI DRESS,12.0,elastane,15.0,35
370902782,ANIMAL PRINT TULLE HALTER DRESS,92.0,polyester,9.5,45
370902782,ANIMAL PRINT TULLE HALTER DRESS,8.0,elastane,15.0,35
370902782,ANIMAL PRINT TULLE HALTER DRESS,100.0,polyester,9.5,45
383840322,ASYMMETRIC VEST JUMPSUIT,100.0,polyester,9.5,45
383840322,ASYMMETRIC VEST JUMPSUIT,100.0,polyester,9.5,45
377055060,CONTRASTING RUFFLES SATIN EFFECT DRESS,100.0,polyester,9.5,45
377055060,CONTRASTING RUFFLES SATIN EFFECT DRESS,100.0,polyester,9.5,45
372747280,BEADED DENIM EFFECT DRESS ZW COLLECTION,100.0,cotton,5.9,65
372747280,BEADED DENIM EFFECT DRESS ZW COLLECTION,65.0,polyester,9.5,45
372747280,BEADED DENIM EFFECT DRESS ZW COLLECTION,35.0,cotton,5.9,65
372759627,DRSS CMBND 13,50.0,cotton,5.9,65
372759627,DRSS CMBND 13,26.0,viscose,8.0,60
372759627,DRSS CMBND 13,24.0,linen,3.5,90
372126027,BEADED BIB COLLAR KNIT DRESS,57.0,viscose,8.0,60
364103408,Short dress with straight neckline and adjustable spaghetti straps. Contrast lace appliqué. Side slit at hem.,97.0,polyester,9.5,45
364103408,Short dress with straight neckline and adjustable spaghetti straps. Contrast lace appliqué. Side slit at hem.,3.0,elastane,15.0,35
367195086,STRAPLESS MIDI DRESS,98.0,polyester,9.5,45
367195086,STRAPLESS MIDI DRESS,2.0,elastane,15.0,35
367195086,STRAPLESS MIDI DRESS,100.0,polyester,9.5,45
374329509,PATCHWORK PRINTED SLIP DRESS,100.0,polyester,9.5,45
374329509,PATCHWORK PRINTED SLIP DRESS,100.0,polyester,9.5,45
378690773,FLOWY PLEATED DRESS,100.0,polyester,9.5,45
364107026,TRF DENIM MIRROR DRESS,100.0,cotton,5.9,65
367450602,LONG SATIN EFFECT DRESS,97.0,viscose,8.0,60
367450602,LONG SATIN EFFECT DRESS,3.0,elastane,15.0,35
383729474,PRINTED SATIN EFFECT MIDI DRESS,100.0,polyester,9.5,45
383729474,PRINTED SATIN EFFECT MIDI DRESS,100.0,polyester,9.5,45
366809998,POLYAMIDE BOW DRESS,18.0,elastane,15.0,35
366809998,POLYAMIDE BOW DRESS,18.0,elastane,15.0,35
377280535,MIDI SHIRT DRESS ZW COLLECTION,85.0,viscose,8.0,60
377280535,MIDI SHIRT DRESS ZW COLLECTION,15.0,linen,3.5,90
377280535,MIDI SHIRT DRESS ZW COLLECTION,100.0,cotton,5.9,65
371366829,CUT OUT ELASTIC DRESS WITH BOWS,96.0,polyester,9.5,45
371366829,CUT OUT ELASTIC DRESS WITH BOWS,4.0,elastane,15.0,35
371366829,CUT OUT ELASTIC DRESS WITH BOWS,95.0,cotton,5.9,65
371366829,CUT OUT ELASTIC DRESS WITH BOWS,5.0,elastane,15.0,35
375828129,RHINESTONE POLYAMIDE DRESS,14.0,elastane,15.0,35
376816703,BALLOON HEM MINI DRESS,70.0,viscose,8.0,60
376816703,BALLOON HEM MINI DRESS,3.0,elastane,15.0,35
376816703,BALLOON HEM MINI DRESS,100.0,viscose,8.0,60
376816703,BALLOON HEM MINI DRESS,100.0,polyester,9.5,45
378802218,PLAIN KNIT DRESS WITH JEWEL BEADING,56.0,viscose,8.0,60
374441955,100% LINEN ANIMAL PRINT DRESS ZW COLLECTION,100.0,linen,3.5,90
374441955,100% LINEN ANIMAL PRINT DRESS ZW COLLECTION,100.0,polyester,9.5,45
375230027,STRETCH KNIT SKATER DRESS,69.0,viscose,8.0,60
375230027,STRETCH KNIT SKATER DRESS,27.0,polyester,9.5,45
375230027,STRETCH KNIT SKATER DRESS,4.0,elastane,15.0,35
377573640,FLOWY NECKLINE CREPE JUMPSUIT,97.0,polyester,9.5,45
377573640,FLOWY NECKLINE CREPE JUMPSUIT,3.0,elastane,15.0,35
367802643,Fluid neck dress with thin straps that cross at back. Fitted waist.,100.0,viscose,8.0,60
386672842,WIDE JUMPSUIT WITH BELT,100.0,polyester,9.5,45
375831896,LONG DENIM JUMPSUIT ZW COLLECTION,99.0,cotton,5.9,65
375831896,LONG DENIM JUMPSUIT ZW COLLECTION,1.0,elastane,15.0,35
368719961,RUBBERIZED EMBROIDERY POPLIN DRESS,100.0,cotton,5.9,65
368719961,RUBBERIZED EMBROIDERY POPLIN DRESS,56.0,cotton,5.9,65
368719961,RUBBERIZED EMBROIDERY POPLIN DRESS,44.0,polyester,9.5,45
373221582,KNOTTED SATIN EFFECT DRESS,100.0,polyester,9.5,45
365401374,TWISTED LINEN BLEND MIDI DRESS,52.0,linen,3.5,90
365401374,TWISTED LINEN BLEND MIDI DRESS,48.0,viscose,8.0,60
